{
  "sasrec": {
    "HR@5": 0.8803986710963455,
    "HR@10": 0.9634551495016611,
    "NDCG@5": 0.7415570406871619,
    "NDCG@10": 0.7688500665242443,
    "n_users": 301
  },
  "deepfm": {
    "auc": 0.5497927207050411,
    "logloss": 0.5617146883069658,
    "n": 16076,
    "pos_ratio": 0.25
  }
}