{
  "sasrec": {
    "HR@5": 0.2724252491694352,
    "HR@10": 0.4883720930232558,
    "NDCG@5": 0.1816551813181475,
    "NDCG@10": 0.25082055667230935,
    "n_users": 301
  },
  "deepfm": {
    "auc": 0.5469063005711673,
    "logloss": 0.5637619495001528,
    "n": 16076,
    "pos_ratio": 0.25
  }
}